,name,nationality,year,points,position,wins,continent
639,Nino Farina,Italian,1950,30.0,1,3,Europe
610,Juan Fangio,Argentine,1950,27.0,2,3,South America
663,Luigi Fagioli,Italian,1950,24.0,3,0,Europe
629,Louis Rosier,French,1950,13.0,4,0,Europe
646,Alberto Ascari,Italian,1950,11.0,5,0,Europe
623,Johnnie Parsons,American,1950,9.0,6,1,North America
660,Bill Holland,American,1950,6.0,7,0,North America
654,Prince Bira,Thai,1950,5.0,8,0,Asia
657,Peter Whitehead,British,1950,4.0,9,0,Europe
621,Louis Chiron,Monegasque,1950,4.0,10,0,Europe
611,Juan Fangio,Argentine,1951,31.0,1,3,South America
647,Alberto Ascari,Italian,1951,25.0,2,2,Europe
587,José Froilán González,Argentine,1951,24.0,3,1,South America
640,Nino Farina,Italian,1951,19.0,4,1,Europe
632,Luigi Villoresi,Italian,1951,15.0,5,0,Europe
636,Piero Taruffi,Italian,1951,10.0,6,0,Europe
662,Lee Wallard,American,1951,9.0,7,1,North America
658,Felice Bonetto,Italian,1951,7.0,8,0,Europe
655,Mike Nazaruk,American,1951,6.0,9,0,North America
656,Reg Parnell,British,1951,5.0,10,0,Europe
648,Alberto Ascari,Italian,1952,36.0,1,6,Europe
641,Nino Farina,Italian,1952,24.0,2,0,Europe
637,Piero Taruffi,Italian,1952,22.0,3,1,Europe
661,Rudi Fischer,Swiss,1952,10.0,4,0,Europe
605,Mike Hawthorn,British,1952,10.0,5,0,Europe
628,Robert Manzon,French,1952,9.0,6,0,Europe
597,Troy Ruttman,American,1952,8.0,7,1,North America
633,Luigi Villoresi,Italian,1952,8.0,8,0,Europe
588,José Froilán González,Argentine,1952,6.5,9,0,South America
593,Jim Rathmann,American,1952,6.0,10,0,North America
649,Alberto Ascari,Italian,1953,34.5,1,5,Europe
612,Juan Fangio,Argentine,1953,28.0,2,1,South America
642,Nino Farina,Italian,1953,26.0,3,1,Europe
606,Mike Hawthorn,British,1953,19.0,4,1,Europe
634,Luigi Villoresi,Italian,1953,17.0,5,0,Europe
589,José Froilán González,Argentine,1953,13.5,6,0,South America
652,Bill Vukovich,American,1953,9.0,7,1,North America
635,Toulo de Graffenried,Swiss,1953,7.0,8,0,Europe
659,Felice Bonetto,Italian,1953,6.5,9,0,Europe
651,Art Cross,American,1953,6.0,10,0,North America
613,Juan Fangio,Argentine,1954,42.0,1,6,South America
590,José Froilán González,Argentine,1954,25.14,2,1,South America
607,Mike Hawthorn,British,1954,24.64,3,1,Europe
563,Maurice Trintignant,French,1954,17.0,4,0,Europe
650,Karl Kling,German,1954,12.0,5,0,Europe
653,Bill Vukovich,American,1954,8.0,6,1,North America
580,Hans Herrmann,German,1954,8.0,7,0,Europe
643,Nino Farina,Italian,1954,6.0,8,0,Europe
601,Luigi Musso,Italian,1954,6.0,9,0,Europe
596,Jimmy Bryan,American,1954,6.0,10,0,North America
614,Juan Fangio,Argentine,1955,40.0,1,4,South America
571,Stirling Moss,British,1955,23.0,2,1,Europe
624,Eugenio Castellotti,Italian,1955,12.0,3,0,Europe
564,Maurice Trintignant,French,1955,11.33,4,1,Europe
644,Nino Farina,Italian,1955,10.33,5,0,Europe
638,Piero Taruffi,Italian,1955,9.0,6,0,Europe
630,Bob Sweikert,American,1955,8.0,7,1,North America
645,Roberto Mieres,Argentine,1955,7.0,8,0,South America
598,Jean Behra,French,1955,6.0,9,0,Europe
602,Luigi Musso,Italian,1955,6.0,10,0,Europe
615,Juan Fangio,Argentine,1956,30.0,1,3,South America
572,Stirling Moss,British,1956,27.0,2,2,Europe
618,Peter Collins,British,1956,25.0,3,2,Europe
599,Jean Behra,French,1956,22.0,4,0,Europe
600,Pat Flaherty,American,1956,8.0,5,1,North America
625,Eugenio Castellotti,Italian,1956,7.5,6,0,Europe
631,Paul Frère,Belgian,1956,6.0,7,0,Europe
626,Sam Hanks,American,1956,6.0,8,0,North America
617,Paco Godia,Spanish,1956,6.0,9,0,Europe
586,Jack Fairman,British,1956,5.0,10,0,Europe
616,Juan Fangio,Argentine,1957,40.0,1,4,South America
573,Stirling Moss,British,1957,25.0,2,3,Europe
603,Luigi Musso,Italian,1957,16.0,3,0,Europe
608,Mike Hawthorn,British,1957,13.0,4,0,Europe
581,Tony Brooks,British,1957,11.0,5,1,Europe
561,Masten Gregory,American,1957,10.0,6,0,North America
591,Harry Schell,American,1957,10.0,7,0,North America
627,Sam Hanks,American,1957,8.0,8,1,North America
619,Peter Collins,British,1957,8.0,9,0,Europe
594,Jim Rathmann,American,1957,7.0,10,0,North America
609,Mike Hawthorn,British,1958,42.0,1,1,Europe
574,Stirling Moss,British,1958,41.0,2,4,Europe
582,Tony Brooks,British,1958,24.0,3,3,Europe
570,Roy Salvadori,British,1958,15.0,4,0,Europe
620,Peter Collins,British,1958,14.0,5,1,Europe
592,Harry Schell,American,1958,14.0,6,0,North America
565,Maurice Trintignant,French,1958,12.0,7,1,Europe
604,Luigi Musso,Italian,1958,12.0,8,0,Europe
622,Stuart Lewis-Evans,British,1958,11.0,9,0,Europe
551,Phil Hill,American,1958,9.0,10,0,North America
496,Jack Brabham,Australian,1959,31.0,1,2,Oceania
583,Tony Brooks,British,1959,27.0,2,2,Europe
575,Stirling Moss,British,1959,25.5,3,2,Europe
552,Phil Hill,American,1959,20.0,4,0,North America
566,Maurice Trintignant,French,1959,19.0,5,0,Europe
509,Bruce McLaren,New Zealander,1959,16.5,6,1,Oceania
519,Dan Gurney,American,1959,13.0,7,0,North America
495,Jo Bonnier,Swedish,1959,10.0,8,1,Europe
562,Masten Gregory,American,1959,10.0,9,0,North America
567,Rodger Ward,American,1959,8.0,10,1,North America
497,Jack Brabham,Australian,1960,43.0,1,5,Oceania
510,Bruce McLaren,New Zealander,1960,34.0,2,1,Oceania
576,Stirling Moss,British,1960,19.0,3,2,Europe
556,Innes Ireland,British,1960,18.0,4,0,Europe
553,Phil Hill,American,1960,16.0,5,1,North America
585,Olivier Gendebien,Belgian,1960,10.0,6,0,Europe
578,Wolfgang von Trips,German,1960,10.0,7,0,Europe
595,Jim Rathmann,American,1960,8.0,8,1,North America
541,Richie Ginther,American,1960,8.0,9,0,North America
526,Jim Clark,British,1960,8.0,10,0,Europe
554,Phil Hill,American,1961,34.0,1,2,North America
579,Wolfgang von Trips,German,1961,33.0,2,2,Europe
577,Stirling Moss,British,1961,21.0,3,2,Europe
520,Dan Gurney,American,1961,21.0,4,0,North America
542,Richie Ginther,American,1961,16.0,5,0,North America
557,Innes Ireland,British,1961,12.0,6,1,Europe
527,Jim Clark,British,1961,11.0,7,0,Europe
511,Bruce McLaren,New Zealander,1961,11.0,8,0,Oceania
548,Giancarlo Baghetti,Italian,1961,9.0,9,1,Europe
584,Tony Brooks,British,1961,6.0,10,0,Europe
444,Graham Hill,British,1962,42.0,1,4,Europe
528,Jim Clark,British,1962,30.0,2,3,Europe
512,Bruce McLaren,New Zealander,1962,27.0,3,1,Oceania
480,John Surtees,British,1962,19.0,4,0,Europe
521,Dan Gurney,American,1962,15.0,5,1,North America
555,Phil Hill,American,1962,14.0,6,0,North America
559,Tony Maggs,South African,1962,13.0,7,0,Africa
543,Richie Ginther,American,1962,10.0,8,0,North America
498,Jack Brabham,Australian,1962,9.0,9,0,Oceania
550,Trevor Taylor,British,1962,6.0,10,0,Europe
529,Jim Clark,British,1963,54.0,1,7,Europe
445,Graham Hill,British,1963,29.0,2,2,Europe
544,Richie Ginther,American,1963,29.0,3,0,North America
481,John Surtees,British,1963,22.0,4,1,Europe
522,Dan Gurney,American,1963,19.0,5,0,North America
513,Bruce McLaren,New Zealander,1963,17.0,6,0,Oceania
499,Jack Brabham,Australian,1963,14.0,7,0,Oceania
560,Tony Maggs,South African,1963,9.0,8,0,Africa
558,Innes Ireland,British,1963,6.0,9,0,Europe
537,Lorenzo Bandini,Italian,1963,6.0,10,0,Europe
482,John Surtees,British,1964,40.0,1,2,Europe
446,Graham Hill,British,1964,39.0,2,2,Europe
530,Jim Clark,British,1964,32.0,3,3,Europe
538,Lorenzo Bandini,Italian,1964,23.0,4,1,Europe
545,Richie Ginther,American,1964,23.0,5,0,North America
523,Dan Gurney,American,1964,19.0,6,2,North America
514,Bruce McLaren,New Zealander,1964,13.0,7,0,Oceania
500,Jack Brabham,Australian,1964,11.0,8,0,Oceania
549,Peter Arundell,British,1964,11.0,9,0,Europe
491,Jo Siffert,Swiss,1964,7.0,10,0,Europe
531,Jim Clark,British,1965,54.0,1,6,Europe
447,Graham Hill,British,1965,40.0,2,2,Europe
471,Jackie Stewart,British,1965,33.0,3,1,Europe
524,Dan Gurney,American,1965,25.0,4,0,North America
483,John Surtees,British,1965,17.0,5,0,Europe
539,Lorenzo Bandini,Italian,1965,13.0,6,0,Europe
546,Richie Ginther,American,1965,11.0,7,1,North America
534,Mike Spence,British,1965,10.0,8,0,Europe
515,Bruce McLaren,New Zealander,1965,10.0,9,0,Oceania
501,Jack Brabham,Australian,1965,9.0,10,0,Oceania
502,Jack Brabham,Australian,1966,42.0,1,4,Oceania
484,John Surtees,British,1966,28.0,2,2,Europe
506,Jochen Rindt,Austrian,1966,22.0,3,0,Europe
452,Denny Hulme,New Zealander,1966,18.0,4,0,Oceania
448,Graham Hill,British,1966,17.0,5,0,Europe
532,Jim Clark,British,1966,16.0,6,1,Europe
472,Jackie Stewart,British,1966,14.0,7,1,Europe
547,Mike Parkes,British,1966,12.0,8,0,Europe
540,Lorenzo Bandini,Italian,1966,12.0,9,0,Europe
536,Ludovico Scarfiotti,Italian,1966,9.0,10,1,Europe
453,Denny Hulme,New Zealander,1967,51.0,1,2,Oceania
503,Jack Brabham,Australian,1967,46.0,2,2,Oceania
533,Jim Clark,British,1967,41.0,3,4,Europe
485,John Surtees,British,1967,20.0,4,1,Europe
440,Chris Amon,New Zealander,1967,20.0,5,0,Oceania
487,Pedro Rodríguez,Mexican,1967,15.0,6,1,North America
449,Graham Hill,British,1967,15.0,7,0,Europe
525,Dan Gurney,American,1967,13.0,8,1,North America
473,Jackie Stewart,British,1967,10.0,9,0,Europe
535,Mike Spence,British,1967,9.0,10,0,Europe
450,Graham Hill,British,1968,48.0,1,3,Europe
474,Jackie Stewart,British,1968,36.0,2,3,Europe
454,Denny Hulme,New Zealander,1968,33.0,3,2,Oceania
424,Jacky Ickx,Belgian,1968,27.0,4,1,Europe
516,Bruce McLaren,New Zealander,1968,22.0,5,1,Oceania
488,Pedro Rodríguez,Mexican,1968,18.0,6,0,North America
492,Jo Siffert,Swiss,1968,12.0,7,1,Europe
486,John Surtees,British,1968,12.0,8,0,Europe
461,Jean-Pierre Beltoise,French,1968,11.0,9,0,Europe
441,Chris Amon,New Zealander,1968,10.0,10,0,Oceania
475,Jackie Stewart,British,1969,63.0,1,6,Europe
425,Jacky Ickx,Belgian,1969,37.0,2,2,Europe
517,Bruce McLaren,New Zealander,1969,26.0,3,0,Oceania
507,Jochen Rindt,Austrian,1969,22.0,4,1,Europe
462,Jean-Pierre Beltoise,French,1969,21.0,5,0,Europe
455,Denny Hulme,New Zealander,1969,20.0,6,1,Oceania
451,Graham Hill,British,1969,19.0,7,1,Europe
518,Piers Courage,British,1969,16.0,8,0,Europe
493,Jo Siffert,Swiss,1969,15.0,9,0,Europe
504,Jack Brabham,Australian,1969,14.0,10,0,Oceania
508,Jochen Rindt,Austrian,1970,45.0,1,5,Europe
426,Jacky Ickx,Belgian,1970,40.0,2,3,Europe
405,Clay Regazzoni,Swiss,1970,33.0,3,1,Europe
456,Denny Hulme,New Zealander,1970,27.0,4,0,Oceania
476,Jackie Stewart,British,1970,25.0,5,1,Europe
505,Jack Brabham,Australian,1970,25.0,6,1,Oceania
489,Pedro Rodríguez,Mexican,1970,23.0,7,1,North America
442,Chris Amon,New Zealander,1970,23.0,8,0,Oceania
463,Jean-Pierre Beltoise,French,1970,16.0,9,0,Europe
412,Emerson Fittipaldi,Brazilian,1970,12.0,10,1,South America
477,Jackie Stewart,British,1971,62.0,1,6,Europe
431,Ronnie Peterson,Swedish,1971,33.0,2,0,Europe
468,François Cevert,French,1971,26.0,3,1,Europe
427,Jacky Ickx,Belgian,1971,19.0,4,1,Europe
494,Jo Siffert,Swiss,1971,19.0,5,1,Europe
413,Emerson Fittipaldi,Brazilian,1971,16.0,6,0,South America
406,Clay Regazzoni,Swiss,1971,13.0,7,0,Europe
387,Mario Andretti,American,1971,12.0,8,1,North America
467,Peter Gethin,British,1971,9.0,9,1,Europe
490,Pedro Rodríguez,Mexican,1971,9.0,10,0,North America
414,Emerson Fittipaldi,Brazilian,1972,61.0,1,5,South America
478,Jackie Stewart,British,1972,45.0,2,4,Europe
457,Denny Hulme,New Zealander,1972,39.0,3,1,Oceania
428,Jacky Ickx,Belgian,1972,27.0,4,1,Europe
465,Peter Revson,American,1972,23.0,5,0,North America
469,François Cevert,French,1972,15.0,6,0,Europe
407,Clay Regazzoni,Swiss,1972,15.0,7,0,Europe
460,Mike Hailwood,British,1972,13.0,8,0,Europe
432,Ronnie Peterson,Swedish,1972,12.0,9,0,Europe
443,Chris Amon,New Zealander,1972,12.0,10,0,Oceania
479,Jackie Stewart,British,1973,71.0,1,5,Europe
415,Emerson Fittipaldi,Brazilian,1973,55.0,2,3,South America
433,Ronnie Peterson,Swedish,1973,52.0,3,4,Europe
470,François Cevert,French,1973,47.0,4,0,Europe
466,Peter Revson,American,1973,38.0,5,2,North America
458,Denny Hulme,New Zealander,1973,26.0,6,1,Oceania
370,Carlos Reutemann,Argentine,1973,16.0,7,0,South America
419,James Hunt,British,1973,14.0,8,0,Europe
429,Jacky Ickx,Belgian,1973,12.0,9,0,Europe
464,Jean-Pierre Beltoise,French,1973,9.0,10,0,Europe
416,Emerson Fittipaldi,Brazilian,1974,55.0,1,3,South America
408,Clay Regazzoni,Swiss,1974,52.0,2,1,Europe
399,Jody Scheckter,South African,1974,45.0,3,2,Africa
355,Niki Lauda,Austrian,1974,38.0,4,2,Europe
434,Ronnie Peterson,Swedish,1974,35.0,5,3,Europe
371,Carlos Reutemann,Argentine,1974,32.0,6,3,South America
459,Denny Hulme,New Zealander,1974,20.0,7,1,Oceania
420,James Hunt,British,1974,15.0,8,0,Europe
393,Patrick Depailler,French,1974,14.0,9,0,Europe
430,Jacky Ickx,Belgian,1974,12.0,10,0,Europe
356,Niki Lauda,Austrian,1975,64.5,1,5,Europe
417,Emerson Fittipaldi,Brazilian,1975,45.0,2,2,South America
372,Carlos Reutemann,Argentine,1975,37.0,3,1,South America
421,James Hunt,British,1975,33.0,4,1,Europe
409,Clay Regazzoni,Swiss,1975,25.0,5,1,Europe
436,Carlos Pace,Brazilian,1975,24.0,6,1,South America
400,Jody Scheckter,South African,1975,20.0,7,1,Africa
378,Jochen Mass,German,1975,20.0,8,1,Europe
394,Patrick Depailler,French,1975,12.0,9,0,Europe
437,Tom Pryce,British,1975,8.0,10,0,Europe
422,James Hunt,British,1976,69.0,1,6,Europe
357,Niki Lauda,Austrian,1976,68.0,2,5,Europe
401,Jody Scheckter,South African,1976,49.0,3,1,Africa
395,Patrick Depailler,French,1976,39.0,4,0,Europe
410,Clay Regazzoni,Swiss,1976,31.0,5,1,Europe
388,Mario Andretti,American,1976,22.0,6,1,North America
364,John Watson,British,1976,20.0,7,1,Europe
330,Jacques Laffite,French,1976,20.0,8,0,Europe
379,Jochen Mass,German,1976,19.0,9,0,Europe
438,Gunnar Nilsson,Swedish,1976,11.0,10,0,Europe
358,Niki Lauda,Austrian,1977,72.0,1,3,Europe
402,Jody Scheckter,South African,1977,55.0,2,3,Africa
389,Mario Andretti,American,1977,47.0,3,4,North America
373,Carlos Reutemann,Argentine,1977,42.0,4,1,South America
423,James Hunt,British,1977,40.0,5,3,Europe
380,Jochen Mass,German,1977,25.0,6,0,Europe
351,Alan Jones,Australian,1977,22.0,7,1,Oceania
439,Gunnar Nilsson,Swedish,1977,20.0,8,1,Europe
396,Patrick Depailler,French,1977,20.0,9,0,Europe
331,Jacques Laffite,French,1977,18.0,10,1,Europe
390,Mario Andretti,American,1978,64.0,1,6,North America
435,Ronnie Peterson,Swedish,1978,51.0,2,2,Europe
374,Carlos Reutemann,Argentine,1978,48.0,3,4,South America
359,Niki Lauda,Austrian,1978,44.0,4,2,Europe
397,Patrick Depailler,French,1978,34.0,5,1,Europe
365,John Watson,British,1978,25.0,6,0,Europe
403,Jody Scheckter,South African,1978,24.0,7,0,Africa
332,Jacques Laffite,French,1978,19.0,8,0,Europe
384,Gilles Villeneuve,Canadian,1978,17.0,9,1,North America
418,Emerson Fittipaldi,Brazilian,1978,17.0,10,0,South America
404,Jody Scheckter,South African,1979,51.0,1,3,Africa
385,Gilles Villeneuve,Canadian,1979,47.0,2,3,North America
352,Alan Jones,Australian,1979,40.0,3,4,Oceania
333,Jacques Laffite,French,1979,36.0,4,2,Europe
411,Clay Regazzoni,Swiss,1979,29.0,5,1,Europe
398,Patrick Depailler,French,1979,20.0,6,1,Europe
375,Carlos Reutemann,Argentine,1979,20.0,7,0,South America
322,René Arnoux,French,1979,17.0,8,0,Europe
366,John Watson,British,1979,15.0,9,0,Europe
381,Didier Pironi,French,1979,14.0,10,0,Europe
353,Alan Jones,Australian,1980,67.0,1,5,Oceania
301,Nelson Piquet,Brazilian,1980,54.0,2,3,South America
376,Carlos Reutemann,Argentine,1980,42.0,3,1,South America
334,Jacques Laffite,French,1980,34.0,4,1,Europe
382,Didier Pironi,French,1980,32.0,5,1,Europe
323,René Arnoux,French,1980,29.0,6,2,Europe
338,Elio de Angelis,Italian,1980,13.0,7,0,Europe
392,Jean-Pierre Jabouille,French,1980,9.0,8,1,Europe
286,Riccardo Patrese,Italian,1980,7.0,9,0,Europe
345,Keke Rosberg,Finnish,1980,6.0,10,0,Europe
302,Nelson Piquet,Brazilian,1981,50.0,1,3,South America
377,Carlos Reutemann,Argentine,1981,49.0,2,2,South America
354,Alan Jones,Australian,1981,46.0,3,2,Oceania
335,Jacques Laffite,French,1981,44.0,4,2,Europe
271,Alain Prost,French,1981,43.0,5,3,Europe
367,John Watson,British,1981,27.0,6,1,Europe
386,Gilles Villeneuve,Canadian,1981,25.0,7,2,North America
339,Elio de Angelis,Italian,1981,14.0,8,0,Europe
324,René Arnoux,French,1981,11.0,9,0,Europe
391,Hector Rebaque,Mexican,1981,11.0,10,0,North America
346,Keke Rosberg,Finnish,1982,44.0,1,1,Europe
383,Didier Pironi,French,1982,39.0,2,2,Europe
368,John Watson,British,1982,39.0,3,2,Europe
272,Alain Prost,French,1982,34.0,4,2,Europe
360,Niki Lauda,Austrian,1982,30.0,5,2,Europe
325,René Arnoux,French,1982,28.0,6,2,Europe
343,Patrick Tambay,French,1982,25.0,7,1,Europe
261,Michele Alboreto,Italian,1982,25.0,8,1,Europe
340,Elio de Angelis,Italian,1982,23.0,9,1,Europe
287,Riccardo Patrese,Italian,1982,21.0,10,1,Europe
303,Nelson Piquet,Brazilian,1983,59.0,1,3,South America
273,Alain Prost,French,1983,57.0,2,4,Europe
326,René Arnoux,French,1983,49.0,3,3,Europe
344,Patrick Tambay,French,1983,40.0,4,1,Europe
347,Keke Rosberg,Finnish,1983,27.0,5,1,Europe
369,John Watson,British,1983,22.0,6,1,Europe
320,Eddie Cheever,American,1983,22.0,7,0,North America
268,Andrea de Cesaris,Italian,1983,15.0,8,0,Europe
288,Riccardo Patrese,Italian,1983,13.0,9,1,Europe
361,Niki Lauda,Austrian,1983,12.0,10,0,Europe
362,Niki Lauda,Austrian,1984,72.0,1,5,Europe
274,Alain Prost,French,1984,71.5,2,7,Europe
341,Elio de Angelis,Italian,1984,34.0,3,0,Europe
262,Michele Alboreto,Italian,1984,30.5,4,1,Europe
304,Nelson Piquet,Brazilian,1984,29.0,5,2,South America
327,René Arnoux,French,1984,27.0,6,0,Europe
283,Derek Warwick,British,1984,23.0,7,0,Europe
348,Keke Rosberg,Finnish,1984,20.5,8,1,Europe
251,Ayrton Senna,Brazilian,1984,13.0,9,0,South America
241,Nigel Mansell,British,1984,13.0,10,0,Europe
275,Alain Prost,French,1985,73.0,1,5,Europe
263,Michele Alboreto,Italian,1985,53.0,2,2,Europe
349,Keke Rosberg,Finnish,1985,40.0,3,2,Europe
252,Ayrton Senna,Brazilian,1985,38.0,4,2,South America
342,Elio de Angelis,Italian,1985,33.0,5,1,Europe
242,Nigel Mansell,British,1985,31.0,6,2,Europe
312,Stefan Johansson,Swedish,1985,26.0,7,0,Europe
305,Nelson Piquet,Brazilian,1985,21.0,8,1,South America
336,Jacques Laffite,French,1985,16.0,9,0,Europe
363,Niki Lauda,Austrian,1985,14.0,10,1,Europe
276,Alain Prost,French,1986,72.0,1,4,Europe
243,Nigel Mansell,British,1986,70.0,2,5,Europe
306,Nelson Piquet,Brazilian,1986,69.0,3,4,South America
253,Ayrton Senna,Brazilian,1986,55.0,4,2,South America
313,Stefan Johansson,Swedish,1986,23.0,5,0,Europe
350,Keke Rosberg,Finnish,1986,22.0,6,0,Europe
223,Gerhard Berger,Austrian,1986,17.0,7,1,Europe
337,Jacques Laffite,French,1986,14.0,8,0,Europe
264,Michele Alboreto,Italian,1986,14.0,9,0,Europe
328,René Arnoux,French,1986,14.0,10,0,Europe
307,Nelson Piquet,Brazilian,1987,73.0,1,3,South America
244,Nigel Mansell,British,1987,61.0,2,6,Europe
254,Ayrton Senna,Brazilian,1987,57.0,3,2,South America
277,Alain Prost,French,1987,46.0,4,3,Europe
224,Gerhard Berger,Austrian,1987,36.0,5,2,Europe
314,Stefan Johansson,Swedish,1987,30.0,6,0,Europe
265,Michele Alboreto,Italian,1987,17.0,7,0,Europe
296,Thierry Boutsen,Belgian,1987,16.0,8,0,Europe
329,Teo Fabi,Italian,1987,12.0,9,0,Europe
321,Eddie Cheever,American,1987,8.0,10,0,North America
255,Ayrton Senna,Brazilian,1988,90.0,1,8,South America
278,Alain Prost,French,1988,87.0,2,7,Europe
225,Gerhard Berger,Austrian,1988,41.0,3,1,Europe
297,Thierry Boutsen,Belgian,1988,27.0,4,0,Europe
266,Michele Alboreto,Italian,1988,24.0,5,0,Europe
308,Nelson Piquet,Brazilian,1988,22.0,6,0,South America
294,Ivan Capelli,Italian,1988,17.0,7,0,Europe
284,Derek Warwick,British,1988,17.0,8,0,Europe
245,Nigel Mansell,British,1988,12.0,9,0,Europe
315,Alessandro Nannini,Italian,1988,12.0,10,0,Europe
279,Alain Prost,French,1989,76.0,1,4,Europe
256,Ayrton Senna,Brazilian,1989,60.0,2,6,South America
289,Riccardo Patrese,Italian,1989,40.0,3,0,Europe
246,Nigel Mansell,British,1989,38.0,4,2,Europe
298,Thierry Boutsen,Belgian,1989,37.0,5,2,Europe
316,Alessandro Nannini,Italian,1989,32.0,6,1,Europe
226,Gerhard Berger,Austrian,1989,21.0,7,1,Europe
309,Nelson Piquet,Brazilian,1989,12.0,8,0,South America
190,Jean Alesi,French,1989,8.0,9,0,Europe
285,Derek Warwick,British,1989,7.0,10,0,Europe
257,Ayrton Senna,Brazilian,1990,78.0,1,6,South America
280,Alain Prost,French,1990,71.0,2,5,Europe
310,Nelson Piquet,Brazilian,1990,43.0,3,2,South America
227,Gerhard Berger,Austrian,1990,43.0,4,0,Europe
247,Nigel Mansell,British,1990,37.0,5,1,Europe
299,Thierry Boutsen,Belgian,1990,34.0,6,1,Europe
290,Riccardo Patrese,Italian,1990,23.0,7,1,Europe
317,Alessandro Nannini,Italian,1990,21.0,8,0,Europe
191,Jean Alesi,French,1990,13.0,9,0,Europe
295,Ivan Capelli,Italian,1990,6.0,10,0,Europe
258,Ayrton Senna,Brazilian,1991,96.0,1,7,South America
248,Nigel Mansell,British,1991,72.0,2,5,Europe
291,Riccardo Patrese,Italian,1991,53.0,3,2,Europe
228,Gerhard Berger,Austrian,1991,43.0,4,1,Europe
281,Alain Prost,French,1991,34.0,5,0,Europe
311,Nelson Piquet,Brazilian,1991,26.5,6,1,South America
192,Jean Alesi,French,1991,21.0,7,0,Europe
300,Stefano Modena,Italian,1991,10.0,8,0,Europe
269,Andrea de Cesaris,Italian,1991,9.0,9,0,Europe
240,Roberto Moreno,Brazilian,1991,8.0,10,0,South America
249,Nigel Mansell,British,1992,108.0,1,9,Europe
292,Riccardo Patrese,Italian,1992,56.0,2,1,Europe
154,Michael Schumacher,German,1992,53.0,3,1,Europe
259,Ayrton Senna,Brazilian,1992,50.0,4,3,South America
229,Gerhard Berger,Austrian,1992,49.0,5,2,Europe
235,Martin Brundle,British,1992,38.0,6,0,Europe
193,Jean Alesi,French,1992,18.0,7,0,Europe
204,Mika Häkkinen,Finnish,1992,11.0,8,0,Europe
270,Andrea de Cesaris,Italian,1992,8.0,9,0,Europe
267,Michele Alboreto,Italian,1992,6.0,10,0,Europe
282,Alain Prost,French,1993,99.0,1,7,Europe
260,Ayrton Senna,Brazilian,1993,73.0,2,5,South America
218,Damon Hill,British,1993,69.0,3,3,Europe
155,Michael Schumacher,German,1993,52.0,4,1,Europe
293,Riccardo Patrese,Italian,1993,20.0,5,0,Europe
194,Jean Alesi,French,1993,16.0,6,0,Europe
236,Martin Brundle,British,1993,13.0,7,0,Europe
230,Gerhard Berger,Austrian,1993,12.0,8,0,Europe
214,Johnny Herbert,British,1993,11.0,9,0,Europe
238,Mark Blundell,British,1993,10.0,10,0,Europe
156,Michael Schumacher,German,1994,92.0,1,8,Europe
219,Damon Hill,British,1994,91.0,2,6,Europe
231,Gerhard Berger,Austrian,1994,41.0,3,1,Europe
205,Mika Häkkinen,Finnish,1994,26.0,4,0,Europe
195,Jean Alesi,French,1994,24.0,5,0,Europe
132,Rubens Barrichello,Brazilian,1994,19.0,6,0,South America
237,Martin Brundle,British,1994,16.0,7,0,Europe
73,David Coulthard,British,1994,14.0,8,0,Europe
250,Nigel Mansell,British,1994,13.0,9,1,Europe
189,Jos Verstappen,Dutch,1994,10.0,10,0,Europe
157,Michael Schumacher,German,1995,102.0,1,9,Europe
220,Damon Hill,British,1995,69.0,2,4,Europe
74,David Coulthard,British,1995,49.0,3,1,Europe
215,Johnny Herbert,British,1995,45.0,4,2,Europe
196,Jean Alesi,French,1995,42.0,5,1,Europe
232,Gerhard Berger,Austrian,1995,31.0,6,0,Europe
206,Mika Häkkinen,Finnish,1995,17.0,7,0,Europe
181,Olivier Panis,French,1995,16.0,8,0,Europe
184,Heinz-Harald Frentzen,German,1995,15.0,9,0,Europe
239,Mark Blundell,British,1995,13.0,10,0,Europe
221,Damon Hill,British,1996,97.0,1,8,Europe
176,Jacques Villeneuve,Canadian,1996,78.0,2,4,North America
158,Michael Schumacher,German,1996,59.0,3,3,Europe
197,Jean Alesi,French,1996,47.0,4,0,Europe
207,Mika Häkkinen,Finnish,1996,31.0,5,0,Europe
233,Gerhard Berger,Austrian,1996,21.0,6,0,Europe
75,David Coulthard,British,1996,18.0,7,0,Europe
133,Rubens Barrichello,Brazilian,1996,14.0,8,0,South America
182,Olivier Panis,French,1996,13.0,9,1,Europe
199,Eddie Irvine,British,1996,11.0,10,0,Europe
177,Jacques Villeneuve,Canadian,1997,81.0,1,7,North America
185,Heinz-Harald Frentzen,German,1997,42.0,2,1,Europe
76,David Coulthard,British,1997,36.0,3,2,Europe
198,Jean Alesi,French,1997,36.0,4,0,Europe
234,Gerhard Berger,Austrian,1997,27.0,5,1,Europe
208,Mika Häkkinen,Finnish,1997,27.0,6,1,Europe
200,Eddie Irvine,British,1997,24.0,7,0,Europe
125,Giancarlo Fisichella,Italian,1997,20.0,8,0,Europe
183,Olivier Panis,French,1997,16.0,9,0,Europe
216,Johnny Herbert,British,1997,15.0,10,0,Europe
209,Mika Häkkinen,Finnish,1998,100.0,1,8,Europe
159,Michael Schumacher,German,1998,86.0,2,6,Europe
77,David Coulthard,British,1998,56.0,3,1,Europe
201,Eddie Irvine,British,1998,47.0,4,0,Europe
178,Jacques Villeneuve,Canadian,1998,21.0,5,0,North America
222,Damon Hill,British,1998,20.0,6,1,Europe
186,Heinz-Harald Frentzen,German,1998,17.0,7,0,Europe
153,Alexander Wurz,Austrian,1998,17.0,8,0,Europe
126,Giancarlo Fisichella,Italian,1998,16.0,9,0,Europe
144,Ralf Schumacher,German,1998,14.0,10,0,Europe
210,Mika Häkkinen,Finnish,1999,76.0,1,5,Europe
202,Eddie Irvine,British,1999,74.0,2,4,Europe
187,Heinz-Harald Frentzen,German,1999,54.0,3,2,Europe
78,David Coulthard,British,1999,48.0,4,2,Europe
160,Michael Schumacher,German,1999,44.0,5,2,Europe
145,Ralf Schumacher,German,1999,35.0,6,0,Europe
134,Rubens Barrichello,Brazilian,1999,21.0,7,0,South America
217,Johnny Herbert,British,1999,15.0,8,1,Europe
127,Giancarlo Fisichella,Italian,1999,13.0,9,0,Europe
213,Mika Salo,Finnish,1999,10.0,10,0,Europe
161,Michael Schumacher,German,2000,108.0,1,9,Europe
211,Mika Häkkinen,Finnish,2000,89.0,2,4,Europe
79,David Coulthard,British,2000,73.0,3,3,Europe
135,Rubens Barrichello,Brazilian,2000,62.0,4,1,South America
146,Ralf Schumacher,German,2000,24.0,5,0,Europe
128,Giancarlo Fisichella,Italian,2000,18.0,6,0,Europe
179,Jacques Villeneuve,Canadian,2000,17.0,7,0,North America
101,Jenson Button,British,2000,12.0,8,0,Europe
188,Heinz-Harald Frentzen,German,2000,11.0,9,0,Europe
85,Jarno Trulli,Italian,2000,6.0,10,0,Europe
162,Michael Schumacher,German,2001,123.0,1,9,Europe
80,David Coulthard,British,2001,65.0,2,2,Europe
136,Rubens Barrichello,Brazilian,2001,56.0,3,0,South America
147,Ralf Schumacher,German,2001,49.0,4,3,Europe
212,Mika Häkkinen,Finnish,2001,37.0,5,2,Europe
170,Juan Pablo Montoya,Colombian,2001,31.0,6,1,South America
180,Jacques Villeneuve,Canadian,2001,12.0,7,0,North America
14,Nick Heidfeld,German,2001,12.0,8,0,Europe
86,Jarno Trulli,Italian,2001,12.0,9,0,Europe
43,Kimi Räikkönen,Finnish,2001,9.0,10,0,Europe
163,Michael Schumacher,German,2002,144.0,1,11,Europe
137,Rubens Barrichello,Brazilian,2002,77.0,2,4,South America
171,Juan Pablo Montoya,Colombian,2002,50.0,3,0,South America
148,Ralf Schumacher,German,2002,42.0,4,1,Europe
81,David Coulthard,British,2002,41.0,5,1,Europe
44,Kimi Räikkönen,Finnish,2002,24.0,6,0,Europe
102,Jenson Button,British,2002,14.0,7,0,Europe
87,Jarno Trulli,Italian,2002,9.0,8,0,Europe
203,Eddie Irvine,British,2002,8.0,9,0,Europe
15,Nick Heidfeld,German,2002,7.0,10,0,Europe
164,Michael Schumacher,German,2003,93.0,1,6,Europe
45,Kimi Räikkönen,Finnish,2003,91.0,2,1,Europe
172,Juan Pablo Montoya,Colombian,2003,82.0,3,2,South America
138,Rubens Barrichello,Brazilian,2003,65.0,4,2,South America
149,Ralf Schumacher,German,2003,58.0,5,2,Europe
28,Fernando Alonso,Spanish,2003,55.0,6,1,Europe
82,David Coulthard,British,2003,51.0,7,1,Europe
88,Jarno Trulli,Italian,2003,33.0,8,0,Europe
103,Jenson Button,British,2003,17.0,9,0,Europe
94,Mark Webber,Australian,2003,17.0,10,0,Oceania
165,Michael Schumacher,German,2004,148.0,1,13,Europe
139,Rubens Barrichello,Brazilian,2004,114.0,2,2,South America
104,Jenson Button,British,2004,85.0,3,0,Europe
29,Fernando Alonso,Spanish,2004,59.0,4,0,Europe
173,Juan Pablo Montoya,Colombian,2004,58.0,5,1,South America
89,Jarno Trulli,Italian,2004,46.0,6,1,Europe
46,Kimi Räikkönen,Finnish,2004,45.0,7,1,Europe
63,Takuma Sato,Japanese,2004,34.0,8,0,Asia
150,Ralf Schumacher,German,2004,24.0,9,0,Europe
83,David Coulthard,British,2004,24.0,10,0,Europe
30,Fernando Alonso,Spanish,2005,133.0,1,7,Europe
47,Kimi Räikkönen,Finnish,2005,112.0,2,7,Europe
166,Michael Schumacher,German,2005,62.0,3,1,Europe
174,Juan Pablo Montoya,Colombian,2005,60.0,4,3,South America
129,Giancarlo Fisichella,Italian,2005,58.0,5,1,Europe
151,Ralf Schumacher,German,2005,45.0,6,0,Europe
90,Jarno Trulli,Italian,2005,43.0,7,0,Europe
140,Rubens Barrichello,Brazilian,2005,38.0,8,0,South America
105,Jenson Button,British,2005,37.0,9,0,Europe
95,Mark Webber,Australian,2005,36.0,10,0,Oceania
31,Fernando Alonso,Spanish,2006,134.0,1,7,Europe
167,Michael Schumacher,German,2006,121.0,2,7,Europe
64,Felipe Massa,Brazilian,2006,80.0,3,2,South America
130,Giancarlo Fisichella,Italian,2006,72.0,4,1,Europe
48,Kimi Räikkönen,Finnish,2006,65.0,5,0,Europe
106,Jenson Button,British,2006,56.0,6,1,Europe
141,Rubens Barrichello,Brazilian,2006,30.0,7,0,South America
175,Juan Pablo Montoya,Colombian,2006,26.0,8,0,South America
16,Nick Heidfeld,German,2006,23.0,9,0,Europe
152,Ralf Schumacher,German,2006,20.0,10,0,Europe
49,Kimi Räikkönen,Finnish,2007,110.0,1,6,Europe
0,Lewis Hamilton,British,2007,109.0,2,4,Europe
32,Fernando Alonso,Spanish,2007,109.0,3,4,Europe
65,Felipe Massa,Brazilian,2007,94.0,4,3,South America
17,Nick Heidfeld,German,2007,61.0,5,0,Europe
58,Robert Kubica,Polish,2007,39.0,6,0,Europe
41,Heikki Kovalainen,Finnish,2007,30.0,7,0,Europe
131,Giancarlo Fisichella,Italian,2007,21.0,8,0,Europe
19,Nico Rosberg,German,2007,20.0,9,0,Europe
84,David Coulthard,British,2007,14.0,10,0,Europe
1,Lewis Hamilton,British,2008,98.0,1,5,Europe
66,Felipe Massa,Brazilian,2008,97.0,2,6,South America
50,Kimi Räikkönen,Finnish,2008,75.0,3,2,Europe
59,Robert Kubica,Polish,2008,75.0,4,1,Europe
33,Fernando Alonso,Spanish,2008,61.0,5,2,Europe
18,Nick Heidfeld,German,2008,60.0,6,0,Europe
42,Heikki Kovalainen,Finnish,2008,53.0,7,1,Europe
113,Sebastian Vettel,German,2008,35.0,8,1,Europe
91,Jarno Trulli,Italian,2008,31.0,9,0,Europe
61,Timo Glock,German,2008,25.0,10,0,Europe
107,Jenson Button,British,2009,95.0,1,6,Europe
114,Sebastian Vettel,German,2009,84.0,2,4,Europe
142,Rubens Barrichello,Brazilian,2009,77.0,3,2,South America
96,Mark Webber,Australian,2009,69.5,4,2,Oceania
2,Lewis Hamilton,British,2009,49.0,5,2,Europe
51,Kimi Räikkönen,Finnish,2009,48.0,6,1,Europe
20,Nico Rosberg,German,2009,34.5,7,0,Europe
92,Jarno Trulli,Italian,2009,32.5,8,0,Europe
34,Fernando Alonso,Spanish,2009,26.0,9,0,Europe
62,Timo Glock,German,2009,24.0,10,0,Europe
115,Sebastian Vettel,German,2010,256.0,1,5,Europe
35,Fernando Alonso,Spanish,2010,252.0,2,5,Europe
97,Mark Webber,Australian,2010,242.0,3,4,Oceania
3,Lewis Hamilton,British,2010,240.0,4,3,Europe
108,Jenson Button,British,2010,214.0,5,2,Europe
67,Felipe Massa,Brazilian,2010,144.0,6,0,South America
21,Nico Rosberg,German,2010,142.0,7,0,Europe
60,Robert Kubica,Polish,2010,136.0,8,0,Europe
168,Michael Schumacher,German,2010,72.0,9,0,Europe
143,Rubens Barrichello,Brazilian,2010,47.0,10,0,South America
116,Sebastian Vettel,German,2011,392.0,1,11,Europe
109,Jenson Button,British,2011,270.0,2,3,Europe
98,Mark Webber,Australian,2011,258.0,3,1,Oceania
36,Fernando Alonso,Spanish,2011,257.0,4,1,Europe
4,Lewis Hamilton,British,2011,227.0,5,3,Europe
68,Felipe Massa,Brazilian,2011,118.0,6,0,South America
22,Nico Rosberg,German,2011,89.0,7,0,Europe
169,Michael Schumacher,German,2011,76.0,8,0,Europe
93,Adrian Sutil,German,2011,42.0,9,0,Europe
670,Vitaly Petrov,Russian,2011,37.0,10,0,Europe
117,Sebastian Vettel,German,2012,281.0,1,5,Europe
37,Fernando Alonso,Spanish,2012,278.0,2,3,Europe
52,Kimi Räikkönen,Finnish,2012,207.0,3,1,Europe
5,Lewis Hamilton,British,2012,190.0,4,4,Europe
110,Jenson Button,British,2012,188.0,5,3,Europe
99,Mark Webber,Australian,2012,179.0,6,2,Oceania
69,Felipe Massa,Brazilian,2012,122.0,7,0,South America
318,Romain Grosjean,French,2012,96.0,8,0,Europe
23,Nico Rosberg,German,2012,93.0,9,1,Europe
671,Sergio Pérez,Mexican,2012,66.0,10,0,North America
118,Sebastian Vettel,German,2013,397.0,1,13,Europe
38,Fernando Alonso,Spanish,2013,242.0,2,2,Europe
100,Mark Webber,Australian,2013,199.0,3,0,Oceania
6,Lewis Hamilton,British,2013,189.0,4,1,Europe
53,Kimi Räikkönen,Finnish,2013,183.0,5,1,Europe
24,Nico Rosberg,German,2013,171.0,6,2,Europe
319,Romain Grosjean,French,2013,132.0,7,0,Europe
70,Felipe Massa,Brazilian,2013,112.0,8,0,South America
111,Jenson Button,British,2013,73.0,9,0,Europe
664,Nico Hülkenberg,German,2013,51.0,10,0,Europe
7,Lewis Hamilton,British,2014,384.0,1,11,Europe
25,Nico Rosberg,German,2014,317.0,2,5,Europe
679,Daniel Ricciardo,Australian,2014,238.0,3,3,Oceania
686,Valtteri Bottas,Finnish,2014,186.0,4,0,Europe
119,Sebastian Vettel,German,2014,167.0,5,0,Europe
39,Fernando Alonso,Spanish,2014,161.0,6,0,Europe
71,Felipe Massa,Brazilian,2014,134.0,7,0,South America
112,Jenson Button,British,2014,126.0,8,0,Europe
665,Nico Hülkenberg,German,2014,96.0,9,0,Europe
672,Sergio Pérez,Mexican,2014,59.0,10,0,North America
8,Lewis Hamilton,British,2015,381.0,1,10,Europe
26,Nico Rosberg,German,2015,322.0,2,6,Europe
120,Sebastian Vettel,German,2015,278.0,3,3,Europe
54,Kimi Räikkönen,Finnish,2015,150.0,4,0,Europe
687,Valtteri Bottas,Finnish,2015,136.0,5,0,Europe
72,Felipe Massa,Brazilian,2015,121.0,6,0,South America
694,Daniil Kvyat,Russian,2015,95.0,7,0,Europe
680,Daniel Ricciardo,Australian,2015,92.0,8,0,Oceania
673,Sergio Pérez,Mexican,2015,78.0,9,0,North America
666,Nico Hülkenberg,German,2015,58.0,10,0,Europe
27,Nico Rosberg,German,2016,385.0,1,9,Europe
9,Lewis Hamilton,British,2016,380.0,2,10,Europe
681,Daniel Ricciardo,Australian,2016,256.0,3,1,Oceania
121,Sebastian Vettel,German,2016,212.0,4,0,Europe
695,Max Verstappen,Dutch,2016,204.0,5,1,Europe
55,Kimi Räikkönen,Finnish,2016,186.0,6,0,Europe
674,Sergio Pérez,Mexican,2016,101.0,7,0,North America
688,Valtteri Bottas,Finnish,2016,85.0,8,0,Europe
667,Nico Hülkenberg,German,2016,72.0,9,0,Europe
40,Fernando Alonso,Spanish,2016,54.0,10,0,Europe
10,Lewis Hamilton,British,2017,363.0,1,9,Europe
122,Sebastian Vettel,German,2017,317.0,2,5,Europe
689,Valtteri Bottas,Finnish,2017,305.0,3,3,Europe
56,Kimi Räikkönen,Finnish,2017,205.0,4,0,Europe
682,Daniel Ricciardo,Australian,2017,200.0,5,1,Oceania
696,Max Verstappen,Dutch,2017,168.0,6,2,Europe
675,Sergio Pérez,Mexican,2017,100.0,7,0,North America
704,Esteban Ocon,French,2017,87.0,8,0,Europe
700,Carlos Sainz,Spanish,2017,54.0,9,0,Europe
668,Nico Hülkenberg,German,2017,43.0,10,0,Europe
11,Lewis Hamilton,British,2018,408.0,1,11,Europe
123,Sebastian Vettel,German,2018,320.0,2,5,Europe
57,Kimi Räikkönen,Finnish,2018,251.0,3,1,Europe
697,Max Verstappen,Dutch,2018,249.0,4,2,Europe
690,Valtteri Bottas,Finnish,2018,247.0,5,0,Europe
683,Daniel Ricciardo,Australian,2018,170.0,6,2,Oceania
669,Nico Hülkenberg,German,2018,69.0,7,0,Europe
676,Sergio Pérez,Mexican,2018,62.0,8,0,North America
693,Kevin Magnussen,Danish,2018,56.0,9,0,Europe
701,Carlos Sainz,Spanish,2018,53.0,10,0,Europe
12,Lewis Hamilton,British,2019,413.0,1,11,Europe
691,Valtteri Bottas,Finnish,2019,326.0,2,4,Europe
698,Max Verstappen,Dutch,2019,278.0,3,3,Europe
705,Charles Leclerc,Monegasque,2019,264.0,4,2,Europe
124,Sebastian Vettel,German,2019,240.0,5,1,Europe
702,Carlos Sainz,Spanish,2019,96.0,6,0,Europe
568,Pierre Gasly,French,2019,95.0,7,0,Europe
708,Alexander Albon,Thai,2019,92.0,8,0,Asia
684,Daniel Ricciardo,Australian,2019,54.0,9,0,Oceania
677,Sergio Pérez,Mexican,2019,52.0,10,0,North America
13,Lewis Hamilton,British,2020,347.0,1,11,Europe
692,Valtteri Bottas,Finnish,2020,223.0,2,2,Europe
699,Max Verstappen,Dutch,2020,214.0,3,2,Europe
678,Sergio Pérez,Mexican,2020,125.0,4,1,North America
685,Daniel Ricciardo,Australian,2020,119.0,5,0,Oceania
703,Carlos Sainz,Spanish,2020,105.0,6,0,Europe
709,Alexander Albon,Thai,2020,105.0,7,0,Asia
706,Charles Leclerc,Monegasque,2020,98.0,8,0,Europe
707,Lando Norris,British,2020,97.0,9,0,Europe
569,Pierre Gasly,French,2020,75.0,10,1,Europe
